rank,team,rating
1,Kansas,1566.9969284129445
2,UCLA,1565.3066929746626
3,Notre Dame,1559.265675503511
4,Arizona,1544.3550688809864
5,Duke,1531.503625620766
6,Indiana,1501.393833221884
7,Gonzaga,1490.0851033403874
8,Texas,1486.074578421978
9,Wisconsin,1468.669168014491
10,Villanova,1462.8566487566043
11,North Carolina,1453.6447540249835
12,Michigan,1399.7308549882378
